,FileName,Concentration,Probe,Temp,Tip radius_mean,Tip radius_std,ROI,InterphaseThickness,ForceSetpoint,group,Link,Farfieldcontactradius(Schwarz),Point,Z Rate,RelativeInterphaseThickness,Depth,calc_depth,k,a_hat,d_hat,thermal Q,f,k,
113,0.0_NCH_80_50_01,0,NCH,80,300,10,700,0,50,100,#REF!,118.2828458,128,250,0.729022015,,,40,,,,,,
114,0.0_NCH_80_75_01,0,NCH,80,300,10,700,0,75,108,0.0_NCH_80_75_01,140.482676,128,250,0,36.92802811,32.6983823,40,2.351630379,3.025966098,,,,
115,0.0_NCH_80_100_01,0,NCH,80,300,10,700,0,100,100,0.0_NCH_80_100_01,149.2809829,128,250,0,43.22219849,38.90508559,40,2.422025837,3.324804906,,,,
116,0.0_NCH_80_125_01,0,NCH,80,300,10,700,0,125,100,0.0_NCH_80_125_01,157.082169,128,250,0,49.11729813,45.12313414,40,2.490629943,3.626091832,,,,
117,0.0_NCH_80_150_01,0,NCH,80,300,10,700,0,150,100,0.0_NCH_80_150_01,162.0309127,128,250,0,54.31027985,49.7660805,40,2.565725149,3.967236508,,,,
118,2.5_NCH_80_50_01,2.5,NCH,80,300,10,700,50,50,100,2.5_NCH_80_50_01,139.259341,128,250,0.359042342,27.12627792,28.59495624,40,2.191833843,2.386514812,,,,
119,2.5_NCH_80_75_01,2.5,NCH,80,300,10,700,50,75,108,2.5_NCH_80_75_01,156.1402364,128,250,0.320224954,41.91007996,34.50968221,40,2.217001843,2.483635693,,,,
120,2.5_NCH_80_100_01,2.5,NCH,80,300,10,700,50,100,100,2.5_NCH_80_100_01,161.4772683,128,250,0.309641106,46.21856689,38.65016841,40,2.257315587,2.642005045,,,,
121,2.5_NCH_80_125_01,2.5,NCH,80,300,10,700,50,125,100,2.5_NCH_80_125_01,167.199352,128,250,0.299044221,50.99914551,43.19485336,40,2.298783615,2.808504325,,,,
122,2.5_NCH_80_150_01,2.5,NCH,80,300,10,700,50,150,100,2.5_NCH_80_150_01,170.8606052,128,250,0.29263621,54.3233223,46.43792696,40,2.33071302,2.939185933,,,,
123,5.0_NCH_80_50_02,5,NCH,80,300,10,700,150,50,100,5.0_NCH_80_50_02,153.1431041,128,250,0.652984022,41.04449081,34.72447556,40,2.30435916,2.831168609,,,,
124,5.0_NCH_80_75_01,5,NCH,80,300,10,700,150,75,108,5.0_NCH_80_75_01,156.7051559,128,250,0.638141097,45.41573715,39.1029655,40,2.386804325,3.173977073,,,,
125,5.0_NCH_80_100_01,5,NCH,80,300,10,700,150,100,100,5.0_NCH_80_100_01,168.4127791,128,250,0.593779169,54.16101074,47.19137749,40,2.448868741,3.441509687,,,,
126,5.0_NCH_80_125_01,5,NCH,80,300,10,700,150,125,100,5.0_NCH_80_125_01,175.3009503,128,250,0.570447564,60.48205948,53.26030958,40,2.511995294,3.721944529,,,,
127,5.0_NCH_80_150_01,5,NCH,80,300,10,700,150,150,100,5.0_NCH_80_150_01,182.5802341,128,250,0.547704413,67.02598572,59.64370415,40,2.565199554,3.964807652,,,,
128,0.0_HQ30030_80_50_01,0,HQ30030,80,34,3,700,0,50,100,0.0_HQ30030_80_50_01,44.98526683,128,250,2.094080465,,,40,,,,,,
129,0.0_HQ30030_80_75_01,0,HQ30030,80,34,3,700,0,75,100,0.0_HQ30030_80_75_01,51.02788413,128,250,0,50.27134705,46.4888031,40,2.581393724,4.039909773,,,,
130,0.0_HQ30030_80_100_01,0,HQ30030,80,34,3,700,0,100,100,0.0_HQ30030_80_100_01,55.59223903,128,250,0,61.05315781,55.47517849,40,2.60886296,4.168559472,,,,
131,0.0_HQ30030_80_125_01,0,HQ30030,80,34,3,700,0,125,100,0.0_HQ30030_80_125_01,58.38099409,128,250,0,70.67964172,65.1007205,40,2.773901315,4.974772968,,,,
132,0.0_HQ30030_80_150_01,0,HQ30030,80,34,3,700,0,150,100,0.0_HQ30030_80_150_01,61.21408246,128,250,0,78.02857971,71.24343029,40,2.767055256,4.940197539,,,,
133,2.5_HQ30030_80_50_01,2.5,HQ30030,80,40,3,700,50,50,100,2.5_HQ30030_80_50_01,55.0559055,128,250,0.90816779,55.78881454,37.98903187,40,2.335156945,2.957545128,,,,
134,2.5_HQ30030_80_75_01,2.5,HQ30030,80,40,3,700,50,75,100,2.5_HQ30030_80_75_01,57.78377489,128,250,0.865294801,51.354599,49.20971093,40,2.498549158,3.661508316,,,,
135,2.5_HQ30030_80_100_01,2.5,HQ30030,80,40,3,700,50,100,100,2.5_HQ30030_80_100_01,61.99408203,128,250,0.806528597,62.14442444,59.40145913,40,2.611340357,4.18023994,,,,
136,2.5_HQ30030_80_125_01,2.5,HQ30030,80,40,3,700,50,125,100,2.5_HQ30030_80_125_01,65.12954027,128,250,0.767700797,70.65484619,67.49362343,40,2.692310327,4.56907708,,,,
137,2.5_HQ30030_80_150_01,2.5,HQ30030,80,40,3,700,50,150,100,2.5_HQ30030_80_150_01,67.22038986,128,250,0.743821928,76.63082886,73.75006615,40,2.764688937,4.928269415,,,,
138,5.0_HQ30030_80_50_02,5,HQ30030,80,40,3,700,150,50,100,5.0_HQ30030_80_50_02,52.03664279,128,250,1.921722745,40.21567154,39.42051478,40,2.409219233,3.269660879,,,,
139,5.0_HQ30030_80_75_01,5,HQ30030,80,40,3,700,150,75,100,5.0_HQ30030_80_75_01,57.78906934,128,250,1.730431051,53.33312607,51.53078142,40,2.544166151,3.868085054,,,,
140,5.0_HQ30030_80_100_01,5,HQ30030,80,40,3,700,150,100,100,5.0_HQ30030_80_100_01,61.60388335,128,250,1.62327429,63.46520996,61.4791109,40,2.672441323,4.472390191,,,,
141,5.0_HQ30030_80_125_01,5,HQ30030,80,40,3,700,150,125,100,5.0_HQ30030_80_125_01,64.86251748,128,250,1.54172246,72.40726471,70.38408789,40,2.772337653,4.966867207,,,,
142,5.0_HQ30030_80_150_01,5,HQ30030,80,40,3,700,150,150,100,5.0_HQ30030_80_150_01,67.27150303,128,250,1.486513538,80.86671448,78.56163761,40,2.911813173,5.692110577,,,,
143,0.0_HQ300_80_50_01,0,HQ300,80,26,3,700,0,50,100,0.0_HQ300_80_50_01,40.29036443,128,250,2.597467918,,,26,,,,,,
144,0.0_HQ300_80_75_01,0,HQ300,80,26,3,700,0,75,100,0.0_HQ300_80_75_01,44.56065951,128,250,0,57.26821899,46.76192804,26,2.538587336,3.842586655,,,,
145,0.0_HQ300_80_100_01,0,HQ300,80,26,3,700,0,100,100,0.0_HQ300_80_100_01,47.96819484,128,250,0,68.18565369,54.76771556,26,2.577393921,4.021309092,,,,
146,0.0_HQ300_80_125_01,0,HQ300,80,26,3,700,0,125,100,0.0_HQ300_80_125_01,49.87307899,128,250,0,75.3796463,59.89754636,26,2.61602754,4.202374343,,,,
147,0.0_HQ300_80_150_01,0,HQ300,80,26,3,700,0,150,100,0.0_HQ300_80_150_01,49.72230997,128,250,0,78.16445923,62.68722612,26,2.760484895,4.907106559,,,,
148,2.5_HQ300_80_50_01,2.5,HQ300,80,28,3,700,50,50,100,2.5_HQ300_80_50_01,48.46097039,128,250,1.031758126,58.99128723,54.06330219,26,2.947359721,5.883426888,,,,
149,2.5_HQ300_80_75_01,2.5,HQ300,80,28,3,700,50,75,100,2.5_HQ300_80_75_01,51.6892337,128,250,0.967319428,52.9923439,58.49353059,26,2.520993999,3.762603257,,,,
150,2.5_HQ300_80_100_01,2.5,HQ300,80,28,3,700,50,100,100,2.5_HQ300_80_100_01,50.94769288,128,250,0.981398709,60.78439331,59.96844824,26,2.655589098,4.391031337,,,,
151,2.5_HQ300_80_125_01,2.5,HQ300,80,28,3,700,50,125,100,2.5_HQ300_80_125_01,52.1136521,128,250,0.95944149,66.83572388,66.06408738,26,2.823184548,5.226561211,,,,
152,2.5_HQ300_80_150_01,2.5,HQ300,80,28,3,700,50,150,100,2.5_HQ300_80_150_01,54.55407458,128,250,0.916521825,74.73930359,73.11881728,26,2.8716248,5.478980153,,,,
153,5.0_HQ300_80_50_01,5,HQ300,80,31,3,700,150,50,100,5.0_HQ300_80_50_01,50.25191238,128,250,1.989974018,57.90926361,49.32179943,26,2.514353504,3.732583134,,,,
154,5.0_HQ300_80_75_01,5,HQ300,80,31,3,700,150,75,100,5.0_HQ300_80_75_01,59.98292765,128,250,1.667141034,83.71356201,82.21759457,26,3.574123062,9.687124732,,,,
155,5.0_HQ300_80_100_01,5,HQ300,80,31,3,700,150,100,100,5.0_HQ300_80_100_01,64.12229334,128,250,1.559520017,94.0687027,93.88465237,26,3.549041061,9.519313168,,,,
156,5.0_HQ300_80_125_01,5,HQ300,80,31,3,700,150,125,100,5.0_HQ300_80_125_01,71.62993582,128,250,1.396064353,106.2160187,107.1320488,26,3.095428604,6.708617804,,,,
157,5.0_HQ300_80_150_01,5,HQ300,80,31,3,700,150,150,100,5.0_HQ300_80_150_01,76.34371236,128,250,1.309865566,118.2466507,119.0927474,26,3.015240572,6.256073208,,,,
158,10.0_HQ300_80_75_03,10,HQ300,80,15,3,3000,1000,75,100,10.0_HQ300_80_75_03,47.81049712,128,250,20.91590885,74.57492065,58.46905028,26,2.055004397,1.882100584,,,,
159,10.0_HQ300_80_75_01,10,HQ300,80,15,3,3000,1000,75,100,10.0_HQ300_80_75_01,47.81049712,128,250,20.91590885,74.57492065,58.46905028,26,2.055004397,1.882100584,,,,
160,10.0_HQ30030_80_75_01,10,HQ30030,80,40,3,3000,1000,75,100,10.0_HQ30030_80_75_01,68.21846849,128,250,14.65878701,78.73220062,60.47645645,40,2.321714842,2.902139643,,,,
161,10.0_NCH_80_75_01,10,NCH,80,300,10,3000,1000,75,100,10.0_NCH_80_75_01,171.2725925,128,250,5.838645784,59.59629822,48.99525786,40,2.337340008,2.966579316,,,,
162,2.5_HQ300_80_75_02,2.5,HQ300,80,15,3,700,50,75,100,2.5_HQ300_80_75_02,37.90547149,128,250,1.319070784,59.05709839,49.92174835,26,2.310141135,2.854741515,,,,
163,2.5_HQ30030_80_75_02,2.5,HQ30030,80,40,3,700,50,75,100,2.5_HQ30030_80_75_02,59.07851043,128,250,0.846331426,65.00637054,50.97022196,40,2.527582749,3.792481058,,,,
163,2.5_HQ30030_80_75_03,2.5,HQ30030,80,40,3,700,50,75,100,2.5_HQ30030_80_75_03,59.31890126,128,250,0.842901654,65.61103821,52.20996703,40,2.551422437,3.901348286,,,,
164,2.5_NCH_80_75_02,2.5,NCH,80,300,10,700,50,75,100,2.5_NCH_80_75_02,152.5681022,128,250,0.327722501,43.12229538,34.97228881,40,2.318064791,2.887160893,,,,
165,10.0_HQ300_80_75_02,10,HQ300,80,15,3,1500,500,75,100,10.0_HQ300_80_75_02,50.83958597,128,250,9.834855861,79.56304169,98.19003672,26,2.440535524,3.405116872,,,,
166,10.0_HQ30030_80_75_02,10,HQ30030,80,40,3,1500,500,75,100,10.0_HQ30030_80_75_02,65.23597883,128,250,7.664482223,70.82559204,57.95734319,40,2.400178984,3.230942696,,,,
167,10.0_NCH_80_75_02,10,NCH,80,300,10,1500,500,75,100,10.0_NCH_80_75_02,215.8210418,128,250,2.316734253,68.81486511,61.95567455,40,2.210536978,2.458559962,,,,
168,0.0_HQ300_80_75_03,0,HQ300,80,15,3,700,0,75,100,0.0_HQ300_80_75_03,41.58485145,128,250,0,68.41192627,64.36999334,26,2.366286078,3.087319314,,,,
169,0.0_HQ30030_80_75_03,0,HQ30030,80,40,3,700,0,75,100,0.0_HQ30030_80_75_03,61.10195345,128,250,0,52.19057465,38.03660498,40,2.124777222,2.134326884,,,,
170,0.0_NCH_80_75_02,0,NCH,80,300,10,700,0,75,100,0.0_NCH_80_75_02,183.2693708,128,250,0,57.8827858,44.70904418,40,2.197246355,2.407287568,,,,
171,0.0_HQ300_80_75_02,0,HQ300,80,15,3,700,0,75,100,0.0_HQ300_80_75_02,37.61514678,128,250,0,58.04099274,48.58524835,26,2.332943014,2.948393491,,,,
172,0.0_HQ30030_80_75_02,0,HQ30030,80,40,3,700,0,75,100,0.0_HQ30030_80_75_02,61.87965798,128,250,0,54.05162048,38.05861687,40,2.119823872,2.116078083,,,,
172,0.0_HQ30030_80_75_04,0,HQ30030,80,40,3,800,0,75,100,0.0_HQ30030_80_75_04,61.91414685,128,250,0,54.28276825,38.01596645,40,2.120319994,2.117903506,,,,
173,0.0_NCH_80_75_03,0,NCH,80,300,10,700,0,75,100,0.0_NCH_80_75_03,185.2268955,128,250,0,59.19075775,45.9600614,40,2.196494687,2.404399006,,,,
174,5.0_HQ300_80_75_02,5,HQ300,80,15,3,700,150,75,100,5.0_HQ300_80_75_02,39.81632314,128,250,2.511532761,67.41464233,60.10795944,26,2.446746076,3.432225699,,,,
175,5.0_HQ300_80_75_03,5,HQ300,80,15,3,700,150,75,100,5.0_HQ300_80_75_03,40.334683,128,250,2.47925588,74.97457886,70.42456522,26,2.668268185,4.452187803,,,,
176,5.0_HQ300_80_75_04,5,HQ300,80,15,3,700,150,75,100,5.0_HQ300_80_75_04,42.19514029,128,250,2.369941166,64.4513092,58.47113733,26,2.263807306,2.667829525,,,,
176,5.0_HQ300_80_75_05,5,HQ300,80,15,3,596,150,75,100,5.0_HQ300_80_75_05,38.746645,109,250,2.580868615,61.68731308,53.82907917,26,2.363757207,3.076700297,,,,
177,5.0_HQ30030_80_75_03,5,HQ30030,80,40,3,700,150,75,100,5.0_HQ30030_80_75_03,60.99334064,128,250,1.639523249,56.79077148,42.70880384,40,2.193325321,2.392232762,,,,
178,5.0_NCH_80_75_03,5,NCH,80,300,10,700,150,75,100,5.0_NCH_80_75_03,196.1237914,128,250,0.509882046,63.81474304,50.09052326,40,2.147388083,2.218292457,,,,
179,0.0_NCH_80_50_04,0,NCH,80,300,10,2000,0,50,100,0.0_NCH_80_50_04,159.3381526,128,250,0,42.09449768,33.97571818,40,2.202430016,2.42724038,,,,
180,0.0_NCH_80_75_04,0,NCH,80,300,10,2000,0,75,100,0.0_NCH_80_75_04,165.5266578,128,250,0,47.87707138,39.39403458,40,2.264956295,2.672409584,,,,
181,0.0_NCH_80_100_02,0,NCH,80,300,10,2000,0,100,100,0.0_NCH_80_100_02,169.9953291,128,250,0,51.01174164,42.76181288,40,2.286917177,2.760487025,,,,
182,0.0_NCH_80_50_05,0,NCH,80,300,10,2000,0,50,100,0.0_NCH_80_50_05,162.9973547,256,250,0,44.87481689,34.3360456,40,2.185147401,2.360938813,,,,
183,0.0_NCH_80_75_05,0,NCH,80,300,10,2050,0,75,100,0.0_NCH_80_75_05,174.6128139,256,250,0,52.68056107,41.3417905,40,2.218268526,2.48855927,,,,
184,0.0_NCH_80_100_03,0,NCH,80,300,10,2000,0,100,100,0.0_NCH_80_100_03,179.3987718,256,250,0,56.82601166,45.35522839,40,2.248205722,2.605916101,,,,
185,0.0_HQ30030_80_50_05,0,HQ30030,80,40,3,1000,0,50,100,0.0_HQ30030_80_50_05,49.40914106,128,250,0,31.75903893,27.47165904,40,2.147483853,2.218650416,,,,
186,0.0_HQ30030_80_75_05,0,HQ30030,80,40,3,1000,0,75,100,0.0_HQ30030_80_75_05,50.56040875,128,250,0,35.07839966,30.91970081,40,2.210685803,2.45913622,,,,
187,0.0_HQ30030_80_100_03,0,HQ30030,80,40,3,1000,0,100,100,0.0_HQ30030_80_100_03,50.67419895,128,250,0,36.77440262,32.73091332,40,2.269350125,2.689949923,,,,
194,240124_0.0_HQ300_80_50_500,0,HQ300,80,14.23,3.192141392,500,0,50,101,240124_0.0_HQ300_80_50_500,29.25512075,128,250,0,36.18836212,36.14179159,32.577,2.255738693,2.635745549,,,,
195,240124_0.0_HQ300_80_75_500,0,HQ300,80,14.23,3.192141392,500,0,75,101,240124_0.0_HQ300_80_75_500,31.64900215,128,250,0,44.26418304,43.28417518,32.577,2.321479086,2.901171318,,,,
196,240124_0.0_HQ300_80_100_500,0,HQ300,80,14.23,3.192141392,500,0,100,101,240124_0.0_HQ300_80_100_500,33.17743113,128,250,0,50.59913635,48.72382131,32.577,2.383966351,3.161938069,,,,
197,240124_0.0_HQ30030_80_50_500,0,HQ30030,80,25.215,7.433,500,0,50,101,240124_0.0_HQ30030_80_50_500,45.79430339,128,250,0,45.43465424,44.04607977,50.478,2.348461999,3.012761957,,,,
198,240124_0.0_HQ30030_80_75_500,0,HQ30030,80,25.215,7.433,500,0,75,101,240124_0.0_HQ30030_80_75_500,45.64524461,128,250,0,53.90291977,43.15875104,50.478,2.371163751,3.107839371,,,,
199,240124_0.0_HQ30030_80_100_500,0,HQ30030,80,25.215,7.433,500,0,100,101,240124_0.0_HQ30030_80_100_500,49.38804142,128,250,0,36.04524994,36.60356163,50.478,2.197713739,2.409084269,,,,
200,240124_2.5_HQ300_80_50_500,2.5,HQ300,80,12.18,1.110315271,500,50,50,101,240124_2.5_HQ300_80_50_500,31.9006101,128,250,1.567368142,71.69099426,69.55409799,29.682,2.672078138,4.470630545,,,,
201,240124_2.5_HQ300_80_75_500,2.5,HQ300,80,12.18,1.110315271,500,50,75,101,240124_2.5_HQ300_80_75_500,34.67900426,128,250,1.441794569,88.2407074,84.79518627,29.682,2.845287566,5.341131699,,,,
202,240124_2.5_HQ300_80_100_500,2.5,HQ300,80,12.18,1.110315271,500,50,100,101,240124_2.5_HQ300_80_100_500,34.46731691,128,250,1.450649615,94.46168518,89.80584106,29.682,3.225651559,7.471956093,,,,
203,240124_2.5_HQ30030_80_50_500,2.5,HQ30030,80,25.39,3.268642685,500,50,50,101,240124_2.5_HQ30030_80_50_500,45.10121322,128,250,1.108617627,68.65418243,94.20297255,30.597,2.805042626,5.133284488,,,,
204,240124_2.5_HQ30030_80_75_500,2.5,HQ30030,80,25.39,3.268642685,500,50,75,101,240124_2.5_HQ30030_80_75_500,49.34905119,128,250,1.013190706,86.9916687,118.8557055,30.597,3.003723166,6.192171162,,,,
205,240124_2.5_HQ30030_80_100_500,2.5,HQ30030,80,25.39,3.268642685,500,50,100,101,240124_2.5_HQ30030_80_100_500,52.61580821,128,250,0.950284747,100.1531067,136.7487075,30.597,3.048709905,6.443335349,,,,
206,240124_5.0_HQ300_80_50_500,5,HQ300,80,16.7325,1.901865312,500,150,50,101,240124_5.0_HQ300_80_50_500,36.74517183,128,250,2.721445976,53.25901794,55.59222339,30.777,2.237093427,2.562132812,,,,
207,240124_5.0_HQ300_80_75_500,5,HQ300,80,16.7325,1.901865312,500,150,75,101,240124_5.0_HQ300_80_75_500,40.59580772,128,250,2.463308544,67.86508179,69.14982176,30.777,2.307078019,2.842244484,,,,
208,240124_5.0_HQ300_80_100_500,5,HQ300,80,16.7325,1.901865312,500,150,100,101,240124_5.0_HQ300_80_100_500,42.05643088,128,250,2.377757644,81.05427551,79.802953,30.777,2.464031656,3.508104369,,,,
209,240124_5.0_HQ30030_80_50_500,5,HQ30030,80,26.81,3.697066405,500,150,50,101,240124_5.0_HQ30030_80_50_500,39.06194786,128,250,2.560036185,47.84992218,48.5347762,48.527,2.248171859,2.605782282,,,,
210,240124_5.0_HQ30030_80_75_500,5,HQ30030,80,26.81,3.697066405,500,150,75,101,240124_5.0_HQ30030_80_75_500,41.82578697,128,250,2.390869538,57.37160492,56.62429446,48.527,2.331046065,2.940560394,,,,
211,240124_5.0_HQ30030_80_100_500,5,HQ30030,80,26.81,3.697066405,500,150,100,101,240124_5.0_HQ30030_80_100_500,44.80519392,128,250,2.231884102,67.99807739,66.46153917,48.527,2.372546692,3.113666456,,,,
212,240124_10.0_HQ300_80_50_1000,10,HQ300,80,12.43,2.551182732,1000,500,50,101,240124_10.0_HQ300_80_50_1000,27.84135085,128,250,17.95889872,58.73592377,54.78856755,29.395,2.406915378,3.259777407,,,,
213,240124_10.0_HQ300_80_75_1000,10,HQ300,80,12.43,2.551182732,1000,500,75,101,240124_10.0_HQ300_80_75_1000,30.61343006,128,250,16.33270101,74.21035767,68.04933332,29.395,2.514079167,3.731344919,,,,
214,240124_10.0_HQ300_80_100_1000,10,HQ300,80,12.43,2.551182732,1000,500,100,101,240124_10.0_HQ300_80_100_1000,31.86255851,128,250,15.69239958,83.05644226,75.416226,29.395,2.599016865,4.122264187,,,,
215,240124_10.0_HQ30030_80_50_1000,10,HQ30030,80,25.6175,3.562324849,1000,500,50,101,240124_10.0_HQ30030_80_50_1000,40.62989301,128,250,12.30621011,45.45251846,46.02191014,45.735,2.290819751,2.776245802,,,,
216,240124_10.0_HQ30030_80_75_1000,10,HQ30030,80,25.6175,3.562324849,1000,500,75,101,240124_10.0_HQ30030_80_75_1000,43.92246585,128,250,11.38369603,55.53887177,55.03990938,45.735,2.371021726,3.10724117,,,,
217,240124_10.0_HQ30030_80_100_1000,10,HQ30030,80,25.6175,3.562324849,1000,500,100,101,240124_10.0_HQ30030_80_100_1000,46.64762022,128,250,10.71866041,65.43275452,63.651346,45.735,2.471616696,3.541599111,,,,
218,240124_20.0_HQ300_80_50_3000,20,HQ300,80,14.24666667,2.619166534,3000,1000,50,101,240124_20.0_HQ300_80_50_3000,32.03423307,128,250,31.21660499,62.01150131,57.79226605,31.053,2.612966723,4.187914953,,,,
219,240124_20.0_HQ300_80_75_3000,20,HQ300,80,14.24666667,2.619166534,3000,1000,75,101,240124_20.0_HQ300_80_75_3000,36.20984272,128,250,27.61680043,81.97953796,76.09652601,31.053,2.658986368,4.407384757,,,,
220,240124_20.0_HQ300_80_100_3000,20,HQ300,80,14.24666667,2.619166534,3000,1000,100,101,240124_20.0_HQ300_80_100_3000,38.83108701,128,250,25.75256263,97.07118225,89.53703108,31.053,2.753483505,4.871943994,,,,
221,240124_20.0_HQ30030_80_50_3000,20,HQ30030,80,27.23,3.907628224,3000,1000,50,101,240124_20.0_HQ30030_80_50_3000,43.17625983,128,250,23.160876,52.94459152,52.73675286,46.42,2.336645621,2.963704635,,,,
223,240124_20.0_HQ30030_80_100_3000,20,HQ30030,80,27.23,3.907628224,3000,1000,100,101,240124_20.0_HQ30030_80_100_3000,49.51853675,128,250,20.19445779,76.04634094,73.11081977,46.42,2.518295385,3.750392276,,,,
224,240203_0.0_HQ300_80_50_500_01,0,HQ300,80,13.7425,1.261758033,500,0,50,201,240203_0.0_HQ300_80_50_500_01,25.58373997,128,250,0,34.60220718,36.64074842,36.39,2.344894826,2.997921247,537.67,294860,36.389,
225,240203_0.0_HQ300_80_50_500_02,0,HQ300,80,13.7425,1.261758033,500,0,50,201,240203_0.0_HQ300_80_50_500_02,25.29366062,128,250,0,34.76342773,36.79805355,36.39,2.349591356,3.01746609,537.67,294860,36.389,
226,240203_0.0_HQ300_80_50_500_03,0,HQ300,80,13.7425,1.261758033,500,0,50,201,240203_0.0_HQ300_80_50_500_03,25.55827913,128,250,0,34.24670029,36.20974898,36.39,2.34326725,2.991158886,537.67,294860,36.389,
227,240203_0.0_HQ300_80_50_500_04,0,HQ300,80,13.7425,1.261758033,500,0,50,201,240203_0.0_HQ300_80_50_500_04,25.20408961,128,250,0,34.20061493,36.10953873,36.39,2.355480518,3.042040001,537.67,294860,36.389,
228,240203_0.0_HQ300_80_75_500_01,0,HQ300,80,13.7425,1.261758033,500,0,75,200,240203_0.0_HQ300_80_75_500_01,29.91521272,128,250,0,45.37091064,47.63413722,36.39,2.38168504,3.152272819,537.67,294860,36.389,
229,240203_0.0_HQ300_80_75_500_02,0,HQ300,80,13.7425,1.261758033,500,0,75,200,240203_0.0_HQ300_80_75_500_02,29.32219277,128,250,0,43.39893341,45.61004555,36.39,2.377140662,3.133052353,537.67,294860,36.389,
230,240203_0.0_HQ300_80_75_500_03,0,HQ300,80,13.7425,1.261758033,500,0,75,200,240203_0.0_HQ300_80_75_500_03,28.53427361,128,250,0,41.3722229,43.37574074,36.39,2.388397507,3.180742984,537.67,294860,36.389,
231,240203_0.0_HQ300_80_75_500_04,0,HQ300,80,13.7425,1.261758033,500,0,75,200,240203_0.0_HQ300_80_75_500_04,28.58129912,128,250,0,41.18961334,43.21383244,36.39,2.385098164,3.166737312,537.67,294860,36.389,
232,240203_0.0_HQ300_80_100_500_01,0,HQ300,80,13.7425,1.261758033,500,0,100,201,240203_0.0_HQ300_80_100_500_01,32.01645898,128,250,0,59.46116638,61.90901092,36.39,2.423099927,3.329445554,537.67,294860,36.389,
233,240203_0.0_HQ300_80_100_500_02,0,HQ300,80,13.7425,1.261758033,500,0,100,201,240203_0.0_HQ300_80_100_500_02,31.87758969,128,250,0,59.08358765,61.47440761,36.39,2.426943222,3.346070583,537.67,294860,36.389,
234,240203_0.0_HQ300_80_100_500_03,0,HQ300,80,13.7425,1.261758033,500,0,100,201,240203_0.0_HQ300_80_100_500_03,31.4041932,128,250,0,57.42086792,59.78075893,36.39,2.423347648,3.330516186,537.67,294860,36.389,
235,240203_0.0_HQ300_80_100_500_04,0,HQ300,80,13.7425,1.261758033,500,0,100,201,240203_0.0_HQ300_80_100_500_04,30.98574933,128,250,0,56.18737793,58.493118,36.39,2.423248947,3.33008959,537.67,294860,36.389,
236,240203_0.0_HQ30030_80_50_500_01,0,HQ30030,80,32.245,5.39663707,500,0,50,201,240203_0.0_HQ30030_80_50_500_01,55.65825438,128,250,0,35.66336823,38.36777892,40.71,2.139263052,2.187994718,489.44,351940,40.71,
237,240203_0.0_HQ30030_80_50_500_02,0,HQ30030,80,32.245,5.39663707,500,0,50,201,240203_0.0_HQ30030_80_50_500_02,46.55910808,128,250,0,35.67131805,38.37550257,40.71,2.291621236,2.779486229,489.44,351940,40.71,
238,240203_0.0_HQ30030_80_50_500_03,0,HQ30030,80,32.245,5.39663707,500,0,50,201,240203_0.0_HQ30030_80_50_500_03,48.01259368,128,250,0,33.14474487,31.76108662,40.71,2.246880997,2.600682829,489.44,351940,40.71,
240,240203_0.0_HQ30030_80_75_500_01,0,HQ30030,80,32.245,5.39663707,500,0,75,200,240203_0.0_HQ30030_80_75_500_01,52.64046031,128,250,0,37.35584259,39.76619615,40.71,2.324467309,2.913453612,489.44,351940,40.71,
241,240203_0.0_HQ30030_80_75_500_02,0,HQ30030,80,32.245,5.39663707,500,0,75,200,240203_0.0_HQ30030_80_75_500_02,51.59152561,128,250,0,35.90272141,38.17203925,40.71,2.330387738,2.937843736,489.44,351940,40.71,
242,240203_0.0_HQ30030_80_75_500_03,0,HQ30030,80,32.245,5.39663707,500,0,75,200,240203_0.0_HQ30030_80_75_500_03,50.98990052,128,250,0,35.24294281,37.26854133,40.71,2.348403335,3.012517674,489.44,351940,40.71,
243,240203_0.0_HQ30030_80_75_500_04,0,HQ30030,80,32.245,5.39663707,500,0,75,200,240203_0.0_HQ30030_80_75_500_04,,128,250,,36.24658966,38.45684831,40.71,2.334775828,2.955968982,489.44,351940,40.71,
244,240203_0.0_HQ30030_80_100_500_01,0,HQ30030,80,32.245,5.39663707,500,0,100,201,240203_0.0_HQ30030_80_100_500_01,49.06369991,128,250,0,36.37789154,38.67864416,40.71,2.322499657,2.905363978,489.44,351940,40.71,
245,240203_0.0_HQ30030_80_100_500_02,0,HQ30030,80,32.245,5.39663707,500,0,100,201,240203_0.0_HQ30030_80_100_500_02,45.35521667,128,250,0,31.99108124,33.53819248,40.71,2.362086711,3.069693106,489.44,351940,40.71,
246,240203_0.0_HQ30030_80_100_500_03,0,HQ30030,80,32.245,5.39663707,500,0,100,201,240203_0.0_HQ30030_80_100_500_03,46.69305269,128,250,0,33.97922516,35.64259725,40.71,2.37008798,3.103309353,489.44,351940,40.71,
248,240203_0.0_NCH_80_50_500_01,0,NCH,80,311.315,29.94597218,1000,0,50,201,240203_0.0_NCH_80_50_500_01,122.2825402,128,250,0,28.53689766,30.66645304,41.806,2.290965127,2.776833462,566.46,302050,41.806,
249,240203_0.0_NCH_80_50_500_02,0,NCH,80,311.315,29.94597218,1000,0,50,201,240203_0.0_NCH_80_50_500_02,122.3726719,128,250,0,29.42844391,31.44763311,41.806,2.304735153,2.832699368,566.46,302050,41.806,
250,240203_0.0_NCH_80_50_500_03,0,NCH,80,311.315,29.94597218,1000,0,50,201,240203_0.0_NCH_80_50_500_03,123.3912664,128,250,0,29.98978043,32.00893041,41.806,2.314579051,2.872882735,566.46,302050,41.806,
251,240203_0.0_NCH_80_50_500_04,0,NCH,80,311.315,29.94597218,1000,0,50,201,240203_0.0_NCH_80_50_500_04,122.1274479,128,250,0,29.46581268,31.21607426,41.806,2.324400017,2.91317682,566.46,302050,41.806,
252,240203_0.0_NCH_80_75_500_01,0,NCH,80,311.315,29.94597218,1000,0,75,200,240203_0.0_NCH_80_75_500_01,127.244844,128,250,0,30.49143028,31.8130336,41.806,2.397769336,3.220651595,566.46,302050,41.806,
253,240203_0.0_NCH_80_75_500_02,0,NCH,80,311.315,29.94597218,1000,0,75,200,240203_0.0_NCH_80_75_500_02,128.896844,128,250,0,31.42477608,32.67739419,41.806,2.425209257,3.338566074,566.46,302050,41.806,
254,240203_0.0_NCH_80_75_500_03,0,NCH,80,311.315,29.94597218,1000,0,75,200,240203_0.0_NCH_80_75_500_03,129.1180808,128,250,0,30.77288055,32.05558442,41.806,2.397737089,3.220513958,566.46,302050,41.806,
255,240203_0.0_NCH_80_75_500_04,0,NCH,80,311.315,29.94597218,1000,0,75,200,240203_0.0_NCH_80_75_500_04,123.6892464,128,250,0,26.83732605,28.49963546,41.806,2.324639429,2.914161641,566.46,302050,41.806,
256,240203_0.0_NCH_80_100_500_01,0,NCH,80,311.315,29.94597218,1000,0,100,201,240203_0.0_NCH_80_100_500_01,139.5631544,128,250,0,42.43647766,43.75969694,41.806,2.456018126,3.472849059,566.46,302050,41.806,
257,240203_0.0_NCH_80_100_500_02,0,NCH,80,311.315,29.94597218,1000,0,100,201,240203_0.0_NCH_80_100_500_02,134.1577231,128,250,0,36.70318222,38.87135773,41.806,2.342614977,2.988450348,566.46,302050,41.806,
258,240203_0.0_NCH_80_100_500_03,0,NCH,80,311.315,29.94597218,1000,0,100,201,240203_0.0_NCH_80_100_500_03,139.2336718,128,250,0,42.15200806,43.26329834,41.806,2.469997446,3.534438501,566.46,302050,41.806,
259,240203_0.0_NCH_80_100_500_04,0,NCH,80,311.315,29.94597218,1000,0,100,201,240203_0.0_NCH_80_100_500_04,,128,250,0,40.68981934,42.62092331,41.806,2.388493869,3.181152385,566.46,302050,41.806,
260,240204_2.5_HQ300_80_50_500_01,2.5,HQ300,80,13.3025,2.019744208,500,50,50,201,240204_2.5_HQ300_80_50_500_01,30.48098124,128,250,1.415937814,54.74767303,55.75173897,30.808,2.532928459,3.816789123,472.73,287020,30.808,
261,240204_2.5_HQ300_80_50_500_02,2.5,HQ300,80,13.3025,2.019744208,500,50,50,201,240204_2.5_HQ300_80_50_500_02,30.90840426,128,250,1.362397131,58.9741745,59.86290947,30.808,2.52244526,3.76917641,472.73,287020,30.808,
262,240204_2.5_HQ300_80_50_500_03,2.5,HQ300,80,13.3025,2.019744208,500,50,50,201,240204_2.5_HQ300_80_50_500_03,31.66774478,128,250,1.387683476,57.51636124,58.59217436,30.808,2.561384119,3.947193313,472.73,287020,30.808,
263,240204_2.5_HQ300_80_50_500_04,2.5,HQ300,80,13.3025,2.019744208,500,50,50,201,240204_2.5_HQ300_80_50_500_04,31.14363171,128,250,1.36149019,61.32030106,61.81290118,30.808,2.602684148,4.1394836,472.73,287020,30.808,
264,240204_2.5_HQ300_80_75_500_01,2.5,HQ300,80,13.3025,2.019744208,500,50,75,200,240204_2.5_HQ300_80_75_500_01,32.93135597,128,250,1.518309785,60.56478882,60.42957506,30.808,2.787262903,5.042536436,472.73,287020,30.808,
265,240204_2.5_HQ300_80_75_500_02,2.5,HQ300,80,13.3025,2.019744208,500,50,75,200,240204_2.5_HQ300_80_75_500_02,32.3192973,128,250,1.547063339,58.53039932,58.29143407,30.808,2.804572826,5.130878132,472.73,287020,30.808,
266,240204_2.5_HQ300_80_75_500_03,2.5,HQ300,80,13.3025,2.019744208,500,50,75,200,240204_2.5_HQ300_80_75_500_03,31.46533641,128,250,1.589050228,56.83856964,56.18682494,30.808,2.921583038,5.74443121,472.73,287020,30.808,
267,240204_2.5_HQ300_80_75_500_04,2.5,HQ300,80,13.3025,2.019744208,500,50,75,200,240204_2.5_HQ300_80_75_500_04,32.64128701,128,250,1.531802345,59.75451279,59.82655597,30.808,2.772973308,4.970080416,472.73,287020,30.808,
268,240204_2.5_HQ300_80_100_500_01,2.5,HQ300,80,13.3025,2.019744208,500,50,100,201,240204_2.5_HQ300_80_100_500_01,35.79525671,128,250,1.184203015,94.17944336,93.37276664,30.808,3.08553534,6.65206285,472.73,287020,30.808,
269,240204_2.5_HQ300_80_100_500_02,2.5,HQ300,80,13.3025,2.019744208,500,50,100,201,240204_2.5_HQ300_80_100_500_02,35.50328953,128,250,1.177082416,95.31607056,94.44867732,30.808,3.091026285,6.683426815,472.73,287020,30.808,
270,240204_2.5_HQ300_80_100_500_03,2.5,HQ300,80,13.3025,2.019744208,500,50,100,201,240204_2.5_HQ300_80_100_500_03,35.17279612,128,250,1.192210371,94.5495224,93.61509266,30.808,3.141282395,6.973392996,472.73,287020,30.808,
273,240204_2.5_HQ30030_80_50_500_02,2.5,HQ30030,80,28.1325,2.487976085,500,50,50,201,240204_2.5_HQ30030_80_50_500_02,43.11075191,128,250,1.035073427,40.67032623,43.96758828,50.581,2.293656879,2.787722507,604.24,347090,50.481,
274,240204_2.5_HQ30030_80_50_500_03,2.5,HQ30030,80,28.1325,2.487976085,500,50,50,201,240204_2.5_HQ30030_80_50_500_03,43.5656812,128,250,1.015808823,41.73341751,45.30422931,50.581,2.280801728,2.735857433,604.24,347090,50.481,
275,240204_2.5_HQ30030_80_50_500_04,2.5,HQ30030,80,28.1325,2.487976085,500,50,50,201,240204_2.5_HQ30030_80_50_500_04,44.15002209,128,250,1.132502265,38.74872589,42.38342315,50.581,2.269493063,2.690521224,604.24,347090,50.481,
276,240204_2.5_HQ30030_80_75_500_01,2.5,HQ30030,80,28.1325,2.487976085,500,50,75,200,240204_2.5_HQ30030_80_75_500_01,48.26665171,128,250,1.035911923,51.26322174,54.03087125,50.581,2.372010635,3.111407275,604.24,347090,50.481,
277,240204_2.5_HQ30030_80_75_500_02,2.5,HQ30030,80,28.1325,2.487976085,500,50,75,200,240204_2.5_HQ30030_80_75_500_02,45.78239637,128,250,1.092122824,50.10557556,48.90432527,50.581,2.394712255,3.207613079,604.24,347090,50.481,
278,240204_2.5_HQ30030_80_75_500_03,2.5,HQ30030,80,28.1325,2.487976085,500,50,75,200,240204_2.5_HQ30030_80_75_500_03,46.03291334,128,250,1.086179352,50.31641006,49.28119902,50.581,2.376968067,3.132323224,604.24,347090,50.481,
280,240204_2.5_HQ30030_80_100_500_01,2.5,HQ30030,80,28.1325,2.487976085,500,50,100,201,240204_2.5_HQ30030_80_100_500_01,50.98428698,128,250,0.998508487,42.58234024,46.57330468,50.581,2.462916662,3.503190885,604.24,347090,50.481,
281,240204_2.5_HQ30030_80_100_500_02,2.5,HQ30030,80,28.1325,2.487976085,500,50,100,201,240204_2.5_HQ30030_80_100_500_02,50.26571967,128,250,0.852438696,68.21011353,70.65387554,50.581,2.471091884,3.539277693,604.24,347090,50.481,
282,240204_2.5_HQ30030_80_100_500_03,2.5,HQ30030,80,28.1325,2.487976085,500,50,100,201,240204_2.5_HQ30030_80_100_500_03,49.60904693,128,250,0.871329972,65.3496933,67.77600902,50.581,2.467259083,3.522341542,604.24,347090,50.481,
283,240204_2.5_NCH_80_50_01,2.5,NCH,80,311.315,29.94,1000,50,50,201,240204_2.5_NCH_80_50_01,149.8241649,128,250,0.29930087,41.13389587,45.38408088,47.361,2.219836303,2.494657907,639.59,288360,47.361,
284,240204_2.5_NCH_80_50_02,2.5,NCH,80,311.315,29.94,1000,50,50,201,240204_2.5_NCH_80_50_02,150.5082385,128,250,0.301371633,39.08358765,44.08177358,47.361,2.196966047,2.406210242,639.59,288360,47.361,
285,240204_2.5_NCH_80_50_03,2.5,NCH,80,311.315,29.94,1000,50,50,201,240204_2.5_NCH_80_50_03,149.3690826,128,250,0.334741294,34.6136322,38.90954569,47.361,2.199713036,2.41677513,639.59,288360,47.361,
286,240204_2.5_NCH_80_75_01,2.5,NCH,80,311.315,29.94,1000,50,75,200,240204_2.5_NCH_80_75_01,161.3045328,128,250,0.30997269,45.61474228,48.92179372,47.361,2.296574874,2.799544114,639.59,288360,47.361,
287,240204_2.5_NCH_80_75_02,2.5,NCH,80,311.315,29.94,1000,50,75,200,240204_2.5_NCH_80_75_02,161.6753835,128,250,0.309261676,45.30455399,48.71768257,47.361,2.288422512,2.766561818,639.59,288360,47.361,
288,240204_2.5_NCH_80_75_03,2.5,NCH,80,311.315,29.94,1000,50,75,200,240204_2.5_NCH_80_75_03,160.3041714,128,250,0.311907042,45.18099976,48.41402296,47.361,2.300641753,2.816050244,639.59,288360,47.361,
289,240204_2.5_NCH_80_100_01,2.5,NCH,80,311.315,29.94,1000,50,100,201,240204_2.5_NCH_80_100_01,169.6068338,128,250,0.26654883,58.94291687,62.14559939,47.361,2.359965299,3.060802961,639.59,288360,47.361,
290,240209_5.0_HQ300_80_50_01,5,HQ300,80,13.6125,2.434178506,700,150,50,201,240209_5.0_HQ300_80_50_01,30.50960757,128,250,3.901493375,56.54917908,59.52345379,27.96,2.354719499,3.03886035,422.16,290850,27.96,
291,240209_5.0_HQ300_80_50_02,5,HQ300,80,13.6125,2.434178506,700,150,50,201,240209_5.0_HQ300_80_50_02,31.12746353,128,250,3.797305552,59.31301117,62.64942062,27.96,2.349349098,3.016456779,422.16,290850,27.96,
292,240209_5.0_HQ300_80_50_03,5,HQ300,80,13.6125,2.434178506,700,150,50,201,240209_5.0_HQ300_80_50_03,29.830042,128,250,3.924097306,54.48389435,57.87620035,27.96,2.324955598,2.915462391,422.16,290850,27.96,
293,240209_5.0_HQ300_80_75_01,5,HQ300,80,13.6125,2.434178506,700,150,75,200,240209_5.0_HQ300_80_75_01,33.57122283,128,250,2.97874166,64.89678955,68.02211334,27.96,2.382407753,3.155333553,422.16,290850,27.96,
294,240209_5.0_HQ300_80_75_02,5,HQ300,80,13.6125,2.434178506,700,150,75,200,240209_5.0_HQ300_80_75_02,31.22850378,128,250,3.202202728,56.05399323,58.73575961,27.96,2.368125943,3.095053605,422.16,290850,27.96,
295,240209_5.0_HQ300_80_75_03,5,HQ300,80,13.6125,2.434178506,700,150,75,200,240209_5.0_HQ300_80_75_03,31.43275895,128,250,3.181394295,55.52277374,58.9598596,27.96,2.323269506,2.908528093,422.16,290850,27.96,
296,240209_5.0_HQ300_80_75_04,5,HQ300,80,13.6125,2.434178506,700,150,75,200,240209_5.0_HQ300_80_75_04,28.29800331,128,250,3.533818231,46.87744904,48.78847989,27.96,2.41093057,3.277009713,422.16,290850,27.96,
297,240209_5.0_HQ300_80_100_01,5,HQ300,80,13.6125,2.434178506,700,150,100,201,240209_5.0_HQ300_80_100_01,30.67687281,128,250,3.854761013,62.92578888,64.84634493,27.96,2.482878443,3.591553188,422.16,290850,27.96,
298,240209_5.0_HQ300_80_100_02,5,HQ300,80,13.6125,2.434178506,700,150,100,201,240209_5.0_HQ300_80_100_02,30.88781737,128,250,3.764664809,66.18510437,68.13628582,27.96,2.490483949,3.625440156,422.16,290850,27.96,
299,240209_5.0_HQ300_80_100_03,5,HQ300,80,13.6125,2.434178506,700,150,100,201,240209_5.0_HQ300_80_100_03,32.06933137,128,250,3.626801808,71.14260101,73.32079171,27.96,2.485485788,3.603156723,422.16,290850,27.96,
300,240209_5.0_HQ30030_80_50_01,5,HQ30030,80,27.3975,4.388077597,700,150,50,201,240209_5.0_HQ30030_80_50_01,48.83905575,128,250,2.710015374,48.64750671,54.91823423,40.545,2.175119771,2.322760793,487.47,347080,40.545,
301,240209_5.0_HQ30030_80_50_02,5,HQ30030,80,27.3975,4.388077597,700,150,50,201,240209_5.0_HQ30030_80_50_02,52.11840291,128,250,2.545977037,54.32223511,61.68108403,40.545,2.164023142,2.280762121,487.47,347080,40.545,
302,240209_5.0_HQ30030_80_50_03,5,HQ30030,80,27.3975,4.388077597,700,150,50,201,240209_5.0_HQ30030_80_50_03,50.91553227,128,250,2.597513471,51.01216888,58.52115282,40.545,2.147328019,2.218067966,487.47,347080,40.545,
303,240209_5.0_HQ30030_80_75_01,5,HQ30030,80,27.3975,4.388077597,700,150,75,200,240209_5.0_HQ30030_80_75_01,55.67749109,128,250,1.796057941,58.9361496,65.66138901,40.545,2.198552394,2.412309359,487.47,347080,40.545,
304,240209_5.0_HQ30030_80_75_02,5,HQ30030,80,27.3975,4.388077597,700,150,75,200,240209_5.0_HQ30030_80_75_02,51.73742896,128,250,1.932836672,52.21966171,58.06141012,40.545,2.203802954,2.432534622,487.47,347080,40.545,
305,240209_5.0_HQ30030_80_75_03,5,HQ30030,80,27.3975,4.388077597,700,150,75,200,240209_5.0_HQ30030_80_75_03,48.29322558,128,250,2.070683803,47.00135803,51.1292167,40.545,2.255757619,2.635820645,487.47,347080,40.545,
306,240209_5.0_HQ30030_80_75_04,5,HQ30030,80,27.3975,4.388077597,700,150,75,200,240209_5.0_HQ30030_80_75_04,49.92719451,128,250,2.002916466,51.7053833,56.15836867,40.545,2.259708871,2.651515289,487.47,347080,40.545,
307,240209_5.0_HQ30030_80_100_01,5,HQ30030,80,27.3975,4.388077597,700,150,100,201,240209_5.0_HQ30030_80_100_01,53.7148124,128,250,2.467360546,64.45018005,70.04718507,40.545,2.258862313,2.648149914,487.47,347080,40.545,
308,240209_5.0_HQ30030_80_100_02,5,HQ30030,80,27.3975,4.388077597,700,150,100,201,240209_5.0_HQ30030_80_100_02,49.17301051,128,250,2.754027826,59.44017029,61.75883506,40.545,2.434255471,3.377787318,487.47,347080,40.545,
309,240209_5.0_NCH_80_50_01,5,NCH,80,300,30,1000,150,50,201,240209_5.0_NCH_80_50_01,140.8801822,128,250,0.866520249,52.38292313,55.15668248,37.055,2.195983859,2.402436649,529.56,347070,37.055,
310,240209_5.0_NCH_80_50_02,5,NCH,80,300,30,1000,150,50,201,240209_5.0_NCH_80_50_02,129.1017225,128,250,1.047429509,33.79464722,36.2044218,37.055,2.292748676,2.784046804,529.56,347070,37.055,
311,240209_5.0_NCH_80_50_03,5,NCH,80,300,30,1000,150,50,201,240209_5.0_NCH_80_50_03,129.4972124,128,250,1.04205862,34.91966248,37.11505864,37.055,2.318390231,2.88849526,529.56,347070,37.055,
312,240209_5.0_NCH_80_50_04,5,NCH,80,300,30,1000,150,50,201,240209_5.0_NCH_80_50_04,131.8329317,128,250,1.020367369,36.28817368,38.62540432,37.055,2.314364983,2.872006716,529.56,347070,37.055,
313,240209_5.0_NCH_80_75_01,5,NCH,80,300,30,1000,150,75,200,240209_5.0_NCH_80_75_01,150.2916736,128,250,0.665372855,39.77322769,43.91618695,37.055,2.219765398,2.494381976,529.56,347070,37.055,
314,240209_5.0_NCH_80_75_02,5,NCH,80,300,30,1000,150,75,200,240209_5.0_NCH_80_75_02,153.5287444,128,250,0.651343828,41.57906723,45.8743075,37.055,2.221980195,2.503006078,529.56,347070,37.055,
315,240209_5.0_NCH_80_75_03,5,NCH,80,300,30,1000,150,75,200,240209_5.0_NCH_80_75_03,151.9084022,128,250,0.658291435,40.89452362,44.91898254,37.055,2.232297341,2.54331681,529.56,347070,37.055,
316,240209_5.0_NCH_80_100_01,5,NCH,80,300,30,1000,150,100,201,240209_5.0_NCH_80_100_01,158.4895752,128,250,0.948528536,37.22753906,41.50742444,37.055,2.337246539,2.966192305,529.56,347070,37.055,
317,240209_5.0_NCH_80_100_02,5,NCH,80,300,30,1000,150,100,201,240209_5.0_NCH_80_100_02,155.531124,128,250,0.866520249,52.38292313,55.15668248,37.055,2.367976367,3.094424563,529.56,347070,37.055,
318,240209_10.0_HQ300_80_50_01,10,HQ300,80,14.3025,2.393915899,1200,500,50,201,240209_10.0_HQ300_80_50_01,31.10559074,128,250,12.85767112,59.06346893,61.03875016,28.14,2.462516686,3.501428936,429.51,288680,28.139,
319,240209_10.0_HQ300_80_50_02,10,HQ300,80,14.3025,2.393915899,1200,500,50,201,240209_10.0_HQ300_80_50_02,31.17328996,128,250,12.80624801,59.03962708,61.14188474,28.14,2.448253192,3.438816459,429.51,288680,28.139,
320,240209_10.0_HQ300_80_50_03,10,HQ300,80,14.3025,2.393915899,1200,500,50,201,240209_10.0_HQ300_80_50_03,31.15922796,128,250,12.77060829,59.32466888,61.46128886,28.14,2.449129485,3.442650769,429.51,288680,28.139,
321,240209_10.0_HQ300_80_75_01,10,HQ300,80,14.3025,2.393915899,1200,500,75,200,240209_10.0_HQ300_80_75_01,34.13482482,128,250,14.64779745,69.39768219,70.70301717,28.14,2.569361194,3.98405513,429.51,288680,28.139,
322,240209_10.0_HQ300_80_75_02,10,HQ300,80,14.3025,2.393915899,1200,500,75,200,240209_10.0_HQ300_80_75_02,34.09287754,128,250,14.66581985,69.1086731,70.42291816,28.14,2.565228157,3.964939817,429.51,288680,28.139,
323,240209_10.0_HQ300_80_75_03,10,HQ300,80,14.3025,2.393915899,1200,500,75,200,240209_10.0_HQ300_80_75_03,34.38942861,128,250,14.53935178,69.62063599,71.06281269,28.14,2.551203408,3.900342624,429.51,288680,28.139,
324,240209_10.0_HQ300_80_100_01,10,HQ300,80,14.3025,2.393915899,1200,500,100,201,240209_10.0_HQ300_80_100_01,35.72504929,128,250,11.24824718,86.25630188,86.9397331,28.14,2.697911342,4.596482097,429.51,288680,28.139,
325,240209_10.0_HQ30030_80_50_01,10,HQ30030,80,30.9375,3.58750029,1200,500,50,201,240209_10.0_HQ30030_80_50_01,40.49788904,128,250,9.137274716,44.49225235,49.07390839,43.84,2.221908354,2.502726175,524.58,347850,43.839,
326,240209_10.0_HQ30030_80_50_02,10,HQ30030,80,30.9375,3.58750029,1200,500,50,201,240209_10.0_HQ30030_80_50_02,39.96999118,128,250,9.29205061,43.85393143,48.00212291,43.84,2.239557159,2.571817499,524.58,347850,43.839,
327,240209_10.0_HQ30030_80_50_03,10,HQ30030,80,30.9375,3.58750029,1200,500,50,201,240209_10.0_HQ30030_80_50_03,40.00806912,128,250,9.280693283,43.58040619,47.86765718,43.84,2.231396304,2.539787311,524.58,347850,43.839,
328,240209_10.0_HQ30030_80_75_01,10,HQ30030,80,30.9375,3.58750029,1200,500,75,200,240209_10.0_HQ30030_80_75_01,43.05359896,128,250,11.61343098,49.64123535,52.52871649,43.84,2.345733129,3.001406469,524.58,347850,43.839,
329,240209_10.0_HQ30030_80_75_02,10,HQ30030,80,30.9375,3.58750029,1200,500,75,200,240209_10.0_HQ30030_80_75_02,41.90235339,128,250,11.93250401,46.19338608,49.67781213,43.84,2.28941121,2.770554329,524.58,347850,43.839,
330,240209_10.0_HQ30030_80_75_03,10,HQ30030,80,30.9375,3.58750029,1200,500,75,200,240209_10.0_HQ30030_80_75_03,41.18023976,128,250,12.14174572,44.13032532,47.74001019,43.84,2.272031803,2.70067539,524.58,347850,43.839,
331,240209_10.0_HQ30030_80_75_04,10,HQ30030,80,30.9375,3.58750029,1200,500,75,200,240209_10.0_HQ30030_80_75_04,41.003488,128,250,12.19408456,43.40853882,47.23463338,43.84,2.256008357,2.636815608,524.58,347850,43.839,
332,240209_10.0_HQ30030_80_100_01,10,HQ30030,80,30.9375,3.58750029,1200,500,100,201,240209_10.0_HQ30030_80_100_01,43.01755136,128,250,8.54620535,54.731987,58.73982146,43.84,2.296451922,2.799045638,524.58,347850,43.839,
333,240209_10.0_HQ30030_80_100_02,10,HQ30030,80,30.9375,3.58750029,1200,500,100,201,240209_10.0_HQ30030_80_100_02,42.36277739,128,250,8.688379064,52.87226868,56.77467544,43.84,2.294341379,2.790493988,524.58,347850,43.839,
334,240209_10.0_NCH_80_50_01,10,NCH,80,300,30,1500,500,50,201,240209_10.0_NCH_80_50_01,145.580886,128,250,3.088929263,40.16435242,44.26808714,42.71,2.221561232,2.501373895,578.11,301970,42.71,
335,240209_10.0_NCH_80_50_02,10,NCH,80,300,30,1500,500,50,201,240209_10.0_NCH_80_50_02,145.6507936,128,250,3.108248977,38.33919525,42.83980878,42.71,2.191397617,2.384843327,578.11,301970,42.71,
336,240209_10.0_NCH_80_50_03,10,NCH,80,300,30,1500,500,50,201,240209_10.0_NCH_80_50_03,144.5966609,128,250,3.100017607,39.47901154,43.66489109,42.71,2.211878759,2.463757121,578.11,301970,42.71,
337,240209_10.0_NCH_80_75_01,10,NCH,80,300,30,1500,500,75,200,240209_10.0_NCH_80_75_01,155.9206971,128,250,3.206758367,44.05754852,47.47686303,42.71,2.282637352,2.743241975,578.11,301970,42.71,
338,240209_10.0_NCH_80_75_02,10,NCH,80,300,30,1500,500,75,200,240209_10.0_NCH_80_75_02,105.997916,128,250,4.71707387,44.43813324,22.18062584,42.71,2.290439571,2.774709201,578.11,301970,42.71,
339,240209_10.0_NCH_80_75_03,10,NCH,80,300,30,1500,500,75,200,240209_10.0_NCH_80_75_03,156.2783848,128,250,3.199418786,44.72677612,48.13194891,42.71,2.287964451,2.764712801,578.11,301970,42.71,
340,240209_10.0_NCH_80_100_01,10,NCH,80,300,30,1500,500,100,201,240209_10.0_NCH_80_100_01,165.3491895,128,250,2.739001543,56.71401596,60.18743554,42.71,2.334294367,2.953978292,578.11,301970,42.71,
341,240209_10.0_NCH_80_100_02,10,NCH,80,300,30,1500,500,100,201,240209_10.0_NCH_80_100_02,166.3308384,128,250,3.006057114,52.35930634,55.49143094,42.71,2.339399152,2.975109924,578.11,301970,42.71,
342,240210_20.0_HQ300_80_50_01,20,HQ300,80,13.2875,0.479026791,3000,1000,50,201,240210_20.0_HQ300_80_50_01,34.20918306,128,250,24.33734069,75.13925934,76.64112437,26.639,2.567474823,3.975326209,406.73,288680,26.639,
343,240210_20.0_HQ300_80_50_02,20,HQ300,80,13.2875,0.479026791,3000,1000,50,201,240210_20.0_HQ300_80_50_02,34.40930648,128,250,23.75604814,79.6010437,81.04028651,26.639,2.587092282,4.066468329,406.73,288680,26.639,
344,240210_20.0_HQ300_80_50_03,20,HQ300,80,13.2875,0.479026791,3000,1000,50,201,240210_20.0_HQ300_80_50_03,34.5304179,128,250,23.6761149,78.85519409,80.56243807,26.639,2.554104234,3.913669782,406.73,288680,26.639,
345,240210_20.0_HQ300_80_75_01,20,HQ300,80,13.2875,0.479026791,3000,1000,75,200,240210_20.0_HQ300_80_75_01,37.16559199,128,250,26.9066076,85.29490662,86.04859048,26.639,2.690910621,4.562238751,406.73,288680,26.639,
346,240210_20.0_HQ300_80_75_02,20,HQ300,80,13.2875,0.479026791,3000,1000,75,200,240210_20.0_HQ300_80_75_02,36.82989207,128,250,27.15185801,82.88784027,83.64292914,26.639,2.683628442,4.526727505,406.73,288680,26.639,
347,240210_20.0_HQ300_80_75_03,20,HQ300,80,13.2875,0.479026791,3000,1000,75,200,240210_20.0_HQ300_80_75_03,36.61610188,128,250,27.31038938,85.92503357,86.46076278,26.639,2.720670086,4.708512677,406.73,288680,26.639,
348,240210_20.0_HQ300_80_100_01,20,HQ300,80,13.2875,0.479026791,3000,1000,100,201,240210_20.0_HQ300_80_100_01,37.46440794,128,250,21.74831769,106.8520355,106.4846465,26.639,2.916729402,5.718413657,406.73,288680,26.639,
349,240210_20.0_HQ30030_80_50_01,20,HQ30030,80,31.7725,1.960518639,3000,1000,50,201,240210_20.0_HQ30030_80_50_01,45.13977084,128,250,15.59619828,58.1476059,64.74013891,46.215,2.201698746,2.424422135,561.23,343680,46.215,
350,240210_20.0_HQ30030_80_50_02,20,HQ30030,80,31.7725,1.960518639,3000,1000,50,201,240210_20.0_HQ30030_80_50_02,44.88110623,128,250,15.5542925,60.97132874,66.74727328,46.215,2.239715997,2.572442317,561.23,343680,46.215,
351,240210_20.0_HQ30030_80_50_03,20,HQ30030,80,31.7725,1.960518639,3000,1000,50,201,240210_20.0_HQ30030_80_50_03,45.07134291,128,250,15.34756965,63.91835785,69.43744723,46.215,2.260131855,2.65319737,561.23,343680,46.215,
352,240210_20.0_HQ30030_80_75_01,20,HQ30030,80,31.7725,1.960518639,3000,1000,75,200,240210_20.0_HQ30030_80_75_01,47.80451638,128,250,20.91852561,64.99790955,69.8019005,46.215,2.295212199,2.794021298,561.23,343680,46.215,
353,240210_20.0_HQ30030_80_75_02,20,HQ30030,80,31.7725,1.960518639,3000,1000,75,200,240210_20.0_HQ30030_80_75_02,48.01433945,128,250,20.82711147,67.75418091,72.36390466,46.215,2.313236132,2.867388784,561.23,343680,46.215,
354,240210_20.0_HQ30030_80_75_03,20,HQ30030,80,31.7725,1.960518639,3000,1000,75,200,240210_20.0_HQ30030_80_75_03,48.21965329,128,250,20.73843198,70.03754425,74.48417404,46.215,2.326911303,2.92351304,561.23,343680,46.215,
355,240210_20.0_HQ30030_80_100_01,20,HQ30030,80,31.7725,1.960518639,3000,1000,100,201,240210_20.0_HQ30030_80_100_01,49.76840883,128,250,20.09306754,77.22045898,80.59281965,46.215,2.397765428,3.220634916,561.23,343680,46.215,
356,240210_20.0_NCH_80_50_01,20,NCH,80,300,30,3000,1000,50,201,240210_20.0_NCH_80_50_01,163.5234443,128,250,5.362223326,55.78601837,60.4447381,43.35,2.266368648,2.678043287,586.61,343680,43.35,
357,240210_20.0_NCH_80_50_02,20,NCH,80,300,30,3000,1000,50,201,240210_20.0_NCH_80_50_02,163.2850765,128,250,5.37241853,55.41357803,60.10825919,43.35,2.263387353,2.666156221,586.61,343680,43.35,
358,240210_20.0_NCH_80_50_03,20,NCH,80,300,30,3000,1000,50,201,240210_20.0_NCH_80_50_03,162.6903153,128,250,5.467613739,51.78975677,56.87132669,43.35,2.231284845,2.53935083,586.61,343680,43.35,
359,240210_20.0_NCH_80_75_01,20,NCH,80,300,30,3000,1000,75,200,240210_20.0_NCH_80_75_01,170.9648197,128,250,5.849156578,55.03688431,58.66507467,43.35,2.318975118,2.890893972,586.61,343680,43.35,
360,240210_20.0_NCH_80_75_02,20,NCH,80,300,30,3000,1000,75,200,240210_20.0_NCH_80_75_02,168.7481655,128,250,5.92599035,55.89375687,59.0007077,43.35,2.351579356,3.025753292,586.61,343680,43.35,
361,240210_20.0_NCH_80_75_03,20,NCH,80,300,30,3000,1000,75,200,240210_20.0_NCH_80_75_03,168.3430756,128,250,5.94025027,56.47659302,59.44757614,43.35,2.366546446,3.088413396,586.61,343680,43.35,
362,240210_20.0_NCH_80_100_01,20,NCH,80,300,30,3000,1000,100,201,240210_20.0_NCH_80_100_01,171.4384054,128,250,5.832998725,60.23910522,62.26567523,43.35,2.447652161,3.436187522,586.61,343680,43.35,
